years,months,year_month,avg_speed,wind_shear
2010,12,2010-December,0.943,1.0221
2011,1,2011-January,0.0,0.0
2010,1,2010-January,1.657,1.796
2010,6,2010-June,1.298,1.4069
2010,3,2010-March,1.51,1.6367
2010,5,2010-May,1.62,1.7559
2010,10,2010-October,1.01,1.0948
2010,11,2010-November,0.938,1.0167
2010,7,2010-July,1.363,1.4774
2010,9,2010-September,1.175,1.2736
2010,4,2010-April,1.792,1.9424
2010,8,2010-August,1.358,1.472
